instructor_id,instructor_first_name,instructor_last_name,instructor_email,instructor_rank,instructor_hire_date,instructor_office,instructor_salary,years_of_service,department_id,department_name,dean_name,building_name,courses_teaching_count,total_students_current,total_credits_teaching,sections_count,total_courses_taught_all_time,total_students_taught,semesters_teaching_count,avg_grade_given,median_grade_given,a_grade_pct,b_grade_pct,c_grade_pct,d_grade_pct,f_grade_pct,pass_rate_pct,avg_gpa_given,total_feedback_count,avg_overall_rating,avg_instructor_rating,avg_course_content_rating,avg_difficulty_rating,avg_workload_rating,would_recommend_pct,student_avg_gpa_in_courses,student_completion_rate,student_drop_rate_pct,rating_vs_dept_avg,grade_generosity_vs_dept_avg,workload_vs_dept_avg,dept_rating_rank,university_rating_rank,is_highly_rated,is_tough_grader,is_easy_grader,has_high_workload,is_tenured
1,Jose,Richards,icox@example.net,Lecturer,2015-11-30,199B,171082,10,3,Physics,Allen Robinson,Wagner Hall,2,71,9,2,21,2395,13,2.88,3.1,30.72,34.29,18.86,9.91,6.22,93.78,3.1,172,3.59,3.75,4.44,2.18,4.07,92.9,3.04,90.44,12.37,0.3,0.05,-0.32,5,2,False,False,True,False,False
2,Katelyn,Callahan,courtneyconner@example.com,Adjunct,2017-12-20,370A,155647,8,12,Nursing,David Garcia,Ramirez Hall,2,52,8,2,121,4941,12,2.92,3.28,17.74,35.04,26.47,5.69,15.06,84.94,2.56,481,4.03,4.55,3.62,3.58,3.82,87.33,2.82,88.86,5.12,-0.02,0.14,-0.5,7,24,False,True,False,False,False
3,Paul,Carlson,jrice@example.org,Adjunct,2019-08-25,227B,70328,6,15,Music,Nicholas Martin,Gray Hall,3,81,13,3,89,2467,29,2.91,2.56,29.9,29.07,23.55,11.53,5.95,94.05,2.91,173,4.68,4.7,4.8,3.62,2.76,89.9,3.08,96.12,8.97,-0.26,-0.2,0.09,19,42,True,False,False,True,False
4,Danny,Dyer,kayla51@example.com,Assistant Professor,2014-09-26,949C,141070,11,18,Political Science,Daniel Hahn,Walter Hall,3,77,14,3,135,4675,14,2.69,2.68,20.97,38.14,18.3,12.11,10.48,89.52,2.58,173,3.44,4.92,4.53,4.3,3.05,69.05,2.8,89.49,2.95,-0.28,-0.14,0.48,11,7,False,False,False,True,False
5,Shawn,Mckay,teresa28@example.org,Adjunct,2023-06-15,296C,69116,2,12,Nursing,David Garcia,Ramirez Hall,1,25,5,1,115,3217,7,2.71,3.03,34.45,34.56,21.99,12.41,-3.41,103.41,2.9,127,4.13,4.41,4.97,4.15,2.73,62.46,3.27,94.46,6.68,0.47,-0.13,0.23,17,3,False,False,True,True,False
6,Kenneth,Fowler,ericfarmer@example.net,Associate Professor,2025-02-10,891B,70458,0,2,Mathematics,Megan Mcclain,Miller Hall,2,54,9,2,120,1382,30,2.68,3.25,33.11,26.65,19.06,7.17,14.01,85.99,2.51,269,4.39,4.06,4.88,3.15,2.66,74.09,2.54,88.04,12.38,-0.23,-0.04,-0.11,11,21,False,False,True,True,True
7,Sandra,Sellers,tracy15@example.com,Professor,2010-10-31,489B,119429,15,8,Psychology,Lindsey Roman,Blair Hall,1,32,3,1,131,3805,24,3.13,3.43,33.27,31.21,15.03,7.83,12.66,87.34,2.7,488,3.85,4.42,3.71,3.48,4.41,80.53,3.08,91.44,8.62,-0.02,-0.07,0.14,9,83,False,False,True,True,True
8,John,Bradley,millertodd@example.org,Associate Professor,2025-08-08,479B,87460,0,12,Nursing,David Garcia,Ramirez Hall,4,95,15,4,128,2849,11,3.31,2.62,33.17,34.07,19.03,6.43,7.3,92.7,3.36,272,3.91,3.86,4.54,3.82,2.69,88.26,2.85,97.31,11.22,-0.0,0.06,0.03,1,5,False,False,True,True,True
9,Amanda,Martinez,karroyo@example.com,Professor,2016-08-05,723C,82431,9,9,Economics,Valerie Gray,Arnold Hall,2,74,8,2,132,2988,8,3.13,2.75,20.84,29.91,27.14,14.87,7.24,92.76,2.51,377,4.64,4.56,4.55,3.0,2.57,74.56,2.93,90.27,9.66,0.22,-0.25,0.02,12,46,True,False,False,True,True
10,Catherine,Brandt,jenniferross@example.net,Associate Professor,2019-01-15,267B,109735,7,18,Political Science,Daniel Hahn,Walter Hall,2,58,9,2,21,3035,4,3.0,2.72,26.95,25.86,22.09,14.43,10.67,89.33,3.12,421,4.92,4.32,4.91,4.23,3.56,60.05,2.71,93.71,7.75,0.2,-0.3,-0.19,11,28,True,False,False,False,True
11,Samuel,Holmes,wrightcaleb@example.org,Adjunct,2017-10-22,324C,102504,8,9,Economics,Valerie Gray,Arnold Hall,2,43,9,2,112,2164,6,2.69,3.48,25.85,27.89,22.06,10.55,13.65,86.35,2.62,481,4.58,4.61,3.04,2.84,4.16,87.41,2.78,90.32,7.52,0.35,-0.28,-0.37,1,99,True,False,False,False,False
12,Jerry,Robinson,zimmermanbrian@example.org,Associate Professor,2024-02-25,941A,165518,1,2,Mathematics,Megan Mcclain,Miller Hall,2,28,9,2,87,3344,7,2.65,3.14,25.0,30.07,23.28,13.04,8.61,91.39,3.3,450,4.56,3.14,3.18,3.42,3.05,77.56,2.82,97.93,7.09,-0.11,0.16,0.24,5,29,True,False,False,True,True
13,Michele,Jones,joshuawashington@example.net,Lecturer,2008-09-08,374A,87653,17,11,Engineering,Amber Perez,Roberts Hall,5,111,20,5,34,4180,16,3.14,2.54,33.91,26.56,24.56,7.55,7.42,92.58,2.94,227,3.56,3.49,4.67,2.98,2.72,73.05,3.06,94.26,8.36,0.14,-0.29,0.26,14,80,False,False,True,False,False
14,Selena,Duncan,esanchez@example.com,Assistant Professor,2009-11-06,317C,125435,16,19,Communications,Matthew Foster,Rocha Hall,0,0,0,0,30,2683,13,3.32,3.08,20.14,33.82,22.66,11.49,11.89,88.11,2.97,475,3.34,3.62,3.78,2.7,4.02,90.53,3.47,93.95,3.8,-0.36,-0.2,-0.13,3,78,False,False,False,False,False
15,Collin,Jordan,ujenkins@example.org,Lecturer,2019-07-05,246B,78301,6,13,Education,Holly Wood,Clark Hall,1,20,3,1,44,1567,26,3.35,3.11,17.38,37.46,28.24,13.89,3.03,96.97,2.62,370,3.51,4.6,3.36,3.8,2.75,69.24,2.67,92.77,5.03,-0.16,-0.0,0.3,19,78,False,False,False,False,False
16,Tracey,Garcia,zchandler@example.org,Adjunct,2011-01-06,651B,157912,15,8,Psychology,Lindsey Roman,Blair Hall,4,93,18,4,99,505,11,3.07,3.04,29.58,32.5,29.83,10.13,-2.04,102.04,3.45,386,3.77,3.05,3.86,2.37,3.07,82.53,3.18,87.37,13.03,0.42,-0.05,-0.46,8,22,False,False,False,True,False
17,James,West,dwhite@example.org,Lecturer,2023-07-14,697B,107447,2,19,Communications,Matthew Foster,Rocha Hall,2,66,8,2,39,1696,10,3.14,2.84,24.13,37.43,27.51,8.13,2.8,97.2,2.66,195,4.57,3.57,4.64,2.02,4.41,78.26,2.83,89.84,5.09,-0.32,-0.21,-0.41,12,70,True,False,False,False,False
18,Charles,Morton,williamsyvette@example.org,Associate Professor,2025-06-03,621B,71915,0,8,Psychology,Lindsey Roman,Blair Hall,3,69,10,3,22,2643,15,3.24,2.94,31.44,31.72,21.15,13.99,1.7,98.3,3.27,252,4.72,4.34,4.5,3.81,2.71,73.57,3.16,87.62,6.88,-0.48,-0.2,-0.4,12,48,True,False,True,False,True
19,Sara,Allison,richardolson@example.com,Professor,2024-02-03,256C,80969,1,2,Mathematics,Megan Mcclain,Miller Hall,3,48,13,3,49,2497,17,2.58,2.96,25.42,38.64,15.54,12.12,8.28,91.72,3.24,233,3.18,3.44,3.41,2.74,3.24,82.09,2.92,85.43,3.3,-0.18,-0.14,-0.23,10,34,False,False,False,False,True
20,Franklin,Smith,ybaker@example.com,Adjunct,2011-09-30,165B,110019,14,14,Art,Timothy Wong,Lynch Hall,2,57,9,2,71,4453,19,2.67,2.7,20.18,27.57,23.49,9.6,19.16,80.84,3.21,432,3.76,4.29,3.36,2.71,4.11,90.29,3.39,95.45,4.04,0.34,-0.09,-0.05,19,67,False,True,False,False,False
21,Heather,Cross,smoore@example.org,Lecturer,2025-06-01,641B,132512,0,20,Statistics,Derek Wright,Hoffman Hall,4,83,16,4,56,3262,20,3.07,3.31,29.35,30.19,27.47,8.47,4.52,95.48,3.46,206,3.64,4.02,3.93,3.77,2.76,67.37,3.46,88.69,9.93,-0.13,0.2,-0.49,19,69,False,False,False,False,False
22,Beth,Daniels,brian97@example.net,Professor,2024-06-06,798C,158419,1,1,Computer Science,Allison Hill,Walker Hall,5,151,21,5,42,4208,29,3.19,3.17,29.43,32.13,27.8,6.33,4.31,95.69,2.56,284,4.57,4.21,3.68,4.42,4.27,80.97,2.83,97.5,12.62,0.46,-0.24,-0.38,5,91,True,False,False,True,True
23,Amanda,Brown,yorkcasey@example.org,Assistant Professor,2019-07-19,214B,116985,6,9,Economics,Valerie Gray,Arnold Hall,2,35,9,2,36,1215,14,3.24,3.42,28.99,39.84,17.29,7.38,6.5,93.5,2.73,453,4.03,4.43,3.48,2.4,3.73,63.93,2.85,96.61,7.39,-0.19,0.23,-0.06,10,49,False,False,False,True,False
24,Joe,Wilson,bethwilliams@example.org,Lecturer,2014-06-05,103C,174799,11,6,English,Melissa Peterson,Moore Hall,1,22,4,1,150,4462,27,3.29,3.04,34.52,32.01,16.93,13.34,3.2,96.8,3.24,378,3.64,4.86,4.32,4.48,4.05,74.12,3.02,94.94,4.54,0.09,0.27,-0.35,14,44,False,False,True,True,False
25,Brandy,Mills,james53@example.com,Adjunct,2013-12-16,880A,126542,12,9,Economics,Valerie Gray,Arnold Hall,1,39,3,1,138,2604,7,2.94,3.15,26.2,36.56,23.0,10.58,3.66,96.34,3.05,415,3.82,3.18,3.48,3.8,2.56,84.93,3.06,86.83,9.12,-0.3,-0.22,0.12,19,73,False,False,False,True,False
26,Emily,Evans,sarah10@example.com,Assistant Professor,2018-06-19,961C,126540,7,4,Chemistry,Cristian Santos,Gardner Hall,4,86,16,4,46,2463,30,2.9,3.46,34.83,34.78,28.44,9.93,-7.98,107.98,3.0,154,4.47,4.09,3.67,2.28,4.38,87.86,3.26,85.1,14.81,-0.13,0.15,0.06,6,13,False,False,True,True,False
27,Anna,Garcia,williamanderson@example.com,Associate Professor,2023-08-29,256B,159943,2,20,Statistics,Derek Wright,Hoffman Hall,3,84,14,3,66,3988,7,3.05,3.02,28.29,32.95,19.75,11.25,7.76,92.24,3.24,432,3.34,3.0,4.73,2.52,4.13,68.25,2.73,85.75,3.73,0.03,-0.03,-0.47,17,20,False,False,False,True,True
28,Natasha,Wood,samueldaniels@example.com,Adjunct,2018-04-11,897C,60074,7,6,English,Melissa Peterson,Moore Hall,1,11,3,1,80,1754,30,3.36,2.56,24.57,38.68,28.13,13.5,-4.88,104.88,2.71,413,4.89,3.76,3.66,2.07,3.86,92.66,2.79,93.01,3.94,0.06,-0.14,-0.29,7,21,True,False,False,True,False
29,Vanessa,Valdez,contrerasangela@example.net,Assistant Professor,2008-02-11,600A,74662,17,20,Statistics,Derek Wright,Hoffman Hall,6,136,27,6,37,3469,7,3.45,2.78,17.11,25.67,21.85,11.36,24.01,75.99,2.57,267,3.73,4.92,3.5,4.04,2.93,82.09,2.91,92.8,13.18,0.43,-0.29,-0.14,7,87,False,True,False,True,False
30,Natalie,Baker,newtoneric@example.com,Assistant Professor,2018-02-20,345A,91571,7,12,Nursing,David Garcia,Ramirez Hall,1,30,5,1,63,1848,15,3.2,2.58,17.18,37.74,21.11,14.59,9.38,90.62,3.34,215,3.03,3.97,3.44,3.05,3.67,76.91,3.01,86.2,7.07,-0.36,-0.18,0.16,2,26,False,False,False,False,False
31,Jennifer,Harris,william40@example.org,Professor,2018-09-23,187C,123699,7,19,Communications,Matthew Foster,Rocha Hall,0,0,0,0,139,2738,14,2.52,3.23,27.9,34.19,15.69,6.37,15.85,84.15,3.3,380,3.16,3.97,4.81,3.45,3.11,60.05,2.68,92.95,3.83,-0.22,-0.06,0.44,15,20,False,True,False,False,True
32,Maria,Williams,kellie42@example.net,Adjunct,2014-11-17,884A,76828,11,3,Physics,Allen Robinson,Wagner Hall,4,115,14,4,137,2865,16,3.34,3.05,18.84,25.88,23.18,12.1,20.0,80.0,3.42,252,3.47,3.97,3.86,3.32,3.06,66.04,2.94,92.2,11.58,-0.2,-0.04,-0.18,20,59,False,True,False,True,False
33,Janice,Hoffman,jonesnicole@example.org,Adjunct,2016-12-14,269B,129163,9,16,Philosophy,Margaret Hawkins DDS,Cameron Hall,5,141,23,5,128,1040,20,2.67,2.54,16.58,33.89,26.99,8.88,13.66,86.34,2.81,107,4.74,3.95,4.72,4.05,3.11,76.32,3.28,94.26,10.04,-0.33,-0.15,-0.09,7,58,True,False,False,False,False
34,Mary,Aguilar,russellwilliams@example.com,Lecturer,2024-01-09,316C,158994,2,20,Statistics,Derek Wright,Hoffman Hall,5,122,17,5,140,783,27,2.71,2.64,20.61,38.64,21.64,8.5,10.61,89.39,3.37,232,4.0,3.89,3.86,3.71,2.84,66.13,3.25,87.96,11.36,-0.39,-0.25,-0.33,5,97,False,False,False,False,False
35,Laura,Valencia,jason31@example.com,Assistant Professor,2021-08-23,508C,145180,4,7,History,Gabrielle Davis,Davis Hall,2,50,6,2,107,3616,8,3.37,3.4,16.6,25.09,18.34,12.93,27.04,72.96,2.82,177,4.96,3.03,3.1,3.79,3.12,78.11,3.36,93.15,8.12,-0.35,0.06,0.16,1,62,True,True,False,True,False
36,Nicole,Russell,sarayoung@example.org,Lecturer,2025-07-26,629B,75860,0,12,Nursing,David Garcia,Ramirez Hall,0,0,0,0,26,2742,17,3.15,2.63,31.71,37.54,18.65,10.03,2.07,97.93,3.12,294,4.01,4.24,4.92,3.47,4.21,76.06,2.82,95.34,10.89,0.09,0.11,-0.31,6,97,False,False,True,True,False
37,Lisa,Keith,whitesandra@example.com,Associate Professor,2022-02-01,165B,62757,3,8,Psychology,Lindsey Roman,Blair Hall,1,33,4,1,140,4752,29,2.51,2.84,28.41,32.65,21.86,14.44,2.64,97.36,3.18,176,4.77,4.25,3.19,3.97,2.93,79.21,3.2,96.43,11.34,-0.02,-0.23,-0.23,2,90,True,False,False,False,True
38,Michelle,Cochran,erik16@example.org,Adjunct,2023-03-20,335C,88864,2,19,Communications,Matthew Foster,Rocha Hall,2,38,8,2,29,2381,7,2.8,2.66,25.08,28.44,27.89,5.76,12.83,87.17,3.39,343,4.95,4.28,3.36,3.14,4.35,87.24,3.29,87.02,13.66,0.5,-0.28,-0.02,17,30,True,False,False,False,False
39,Jeffrey,Velasquez,ybailey@example.org,Professor,2010-07-02,824C,67716,15,1,Computer Science,Allison Hill,Walker Hall,6,150,23,6,134,3028,8,2.62,2.54,18.64,26.27,22.87,9.36,22.86,77.14,2.81,139,3.59,4.39,4.5,2.3,2.54,63.37,3.12,88.4,7.27,-0.3,-0.18,-0.4,16,10,False,True,False,False,True
40,Donna,Ross,michelle45@example.net,Professor,2016-03-25,132B,69287,9,8,Psychology,Lindsey Roman,Blair Hall,3,75,11,3,117,4069,10,2.78,3.17,33.22,32.16,24.29,7.02,3.31,96.69,3.47,312,3.98,3.92,3.38,3.4,2.59,79.57,2.62,86.04,3.15,-0.46,0.26,0.16,8,96,False,False,True,False,True
41,Erin,Anthony,sheila14@example.org,Associate Professor,2017-08-27,385C,123624,8,17,Sociology,Crystal Johnson,Stewart Hall,4,99,18,4,49,2948,30,2.57,3.11,30.47,27.65,28.42,6.1,7.36,92.64,3.03,171,4.6,3.24,3.91,3.46,4.22,73.99,3.41,87.43,7.06,0.39,-0.29,-0.44,14,12,True,False,True,True,True
42,Tonya,Johnson,yreed@example.com,Adjunct,2014-10-08,235C,175655,11,7,History,Gabrielle Davis,Davis Hall,4,128,15,4,110,2259,8,3.08,3.29,27.08,32.92,25.62,8.13,6.25,93.75,2.84,121,4.95,4.36,4.46,2.51,4.03,63.51,3.46,94.43,7.0,-0.05,-0.25,0.04,17,73,True,False,False,False,False
43,Tracey,Wilson,jonathanfletcher@example.org,Adjunct,2016-06-10,584A,162841,9,19,Communications,Matthew Foster,Rocha Hall,2,41,10,2,66,2676,29,2.7,2.58,23.98,28.92,27.84,8.67,10.59,89.41,2.71,271,4.72,3.65,3.13,2.52,3.92,85.03,2.78,87.34,11.32,0.26,0.22,-0.43,18,72,True,False,False,True,False
44,Lindsay,Mcdaniel,michaeljones@example.net,Lecturer,2024-06-16,294A,72704,1,16,Philosophy,Margaret Hawkins DDS,Cameron Hall,4,111,17,4,127,3689,16,2.67,2.89,23.03,27.87,15.79,8.02,25.29,74.71,2.6,193,4.76,3.97,4.99,4.02,3.76,87.95,3.14,94.74,2.84,0.06,-0.07,-0.22,17,68,True,True,False,False,False
45,Cindy,Alvarado,cortezkevin@example.com,Assistant Professor,2019-05-19,533B,121213,6,14,Art,Timothy Wong,Lynch Hall,1,24,3,1,146,1182,14,3.09,3.13,17.27,27.51,27.31,12.73,15.18,84.82,3.31,299,4.57,4.5,3.3,4.16,3.74,78.41,3.5,88.19,4.08,-0.29,0.12,0.31,18,43,True,True,False,False,False
46,Mark,Terry,jamesortega@example.com,Professor,2019-08-03,162B,155448,6,2,Mathematics,Megan Mcclain,Miller Hall,1,19,3,1,75,1907,14,3.25,3.12,32.92,35.5,25.75,8.51,-2.68,102.68,2.61,208,3.01,4.07,4.49,2.31,3.39,71.96,3.05,89.87,13.87,-0.4,0.03,0.28,1,90,False,False,True,True,True
47,Raven,Gilbert,richard04@example.com,Professor,2010-03-31,354A,84931,15,11,Engineering,Amber Perez,Roberts Hall,0,0,0,0,27,2473,5,2.59,2.84,17.82,33.07,29.18,5.05,14.88,85.12,3.37,400,3.46,3.82,4.35,4.5,3.6,80.31,3.11,89.46,12.36,-0.33,-0.11,-0.26,19,88,False,False,False,False,True
48,Kristi,Lawson,steven73@example.net,Lecturer,2015-07-04,243B,84050,10,18,Political Science,Daniel Hahn,Walter Hall,1,35,3,1,115,747,20,3.16,2.9,31.39,35.56,17.63,6.89,8.53,91.47,3.06,176,4.14,3.28,4.34,3.14,4.36,91.25,3.45,97.81,5.28,0.12,-0.01,-0.04,2,75,False,False,True,True,False
49,Rachel,Flynn,donnacampbell@example.net,Lecturer,2018-09-13,355A,118082,7,9,Economics,Valerie Gray,Arnold Hall,2,48,7,2,93,1571,4,2.85,3.14,20.37,32.65,22.36,11.84,12.78,87.22,3.36,473,4.13,3.69,3.17,4.1,3.89,67.29,2.97,90.97,8.49,-0.18,0.03,0.31,3,2,False,False,False,True,False
50,Matthew,Cardenas,emilywalker@example.org,Professor,2008-12-27,151C,130855,17,18,Political Science,Daniel Hahn,Walter Hall,5,152,20,5,150,950,5,2.86,3.27,29.59,27.35,22.44,13.07,7.55,92.45,3.41,60,4.22,3.16,3.88,4.21,3.33,75.83,2.57,95.42,10.47,0.02,0.26,-0.17,18,79,False,False,False,True,True
51,Brandon,Riggs,gibsonolivia@example.net,Professor,2009-12-06,871A,81798,16,1,Computer Science,Allison Hill,Walker Hall,2,51,7,2,74,4626,24,2.62,2.64,26.78,30.97,25.77,5.32,11.16,88.84,2.55,187,4.77,3.88,3.44,2.14,3.55,85.61,3.08,97.69,3.95,0.41,0.06,0.05,18,93,True,False,False,False,True
52,Heather,Snyder,dylanwatts@example.org,Lecturer,2021-08-11,592A,173331,4,14,Art,Timothy Wong,Lynch Hall,5,112,19,5,80,4639,24,2.96,3.49,29.36,31.07,18.62,5.74,15.21,84.79,2.75,494,3.87,3.84,4.9,2.2,3.25,90.25,2.64,90.16,9.36,-0.09,0.04,-0.33,10,14,False,True,False,False,False
53,Jeffery,Brock,pwilliams@example.org,Professor,2015-03-04,268B,60282,10,13,Education,Holly Wood,Clark Hall,4,118,19,4,36,3721,23,2.82,2.63,27.83,37.97,20.05,7.42,6.73,93.27,3.12,348,3.04,3.53,4.73,2.82,4.02,76.05,2.84,92.14,8.07,-0.09,0.05,0.21,2,48,False,False,False,True,True
54,Laurie,Contreras,stephanie79@example.net,Assistant Professor,2023-11-19,902B,97388,2,13,Education,Holly Wood,Clark Hall,2,42,8,2,26,3323,6,2.88,2.74,25.86,36.89,24.08,6.38,6.79,93.21,2.89,342,4.54,4.23,4.46,3.75,2.83,60.35,2.68,91.46,2.25,-0.21,-0.03,0.13,4,32,True,False,False,False,False
55,Ronald,Meadows,vmerritt@example.com,Adjunct,2015-01-16,777C,123788,11,14,Art,Timothy Wong,Lynch Hall,4,71,16,4,23,1996,17,3.34,2.57,16.88,31.57,21.86,5.87,23.82,76.18,2.69,183,4.91,3.64,4.49,3.48,3.44,65.34,2.84,95.23,3.52,0.13,0.09,-0.04,13,38,True,True,False,True,False
56,Karen,Larsen,katie87@example.net,Associate Professor,2010-10-29,403A,67665,15,5,Biology,Kevin Pacheco,Smith Hall,5,131,18,5,40,2290,4,2.96,3.15,25.15,35.27,22.08,14.97,2.53,97.47,2.98,314,3.92,4.5,3.99,3.99,2.62,76.74,3.23,93.95,4.16,-0.39,0.24,-0.08,17,43,False,False,False,False,True
57,Scott,Reeves,josephflores@example.net,Adjunct,2007-08-27,162C,101104,18,19,Communications,Matthew Foster,Rocha Hall,7,198,27,7,26,4305,11,3.01,3.11,15.05,25.79,16.59,13.62,28.95,71.05,2.61,347,3.46,3.79,3.29,4.41,3.04,66.9,3.15,87.76,10.48,-0.38,0.15,-0.31,14,57,False,True,False,True,False
58,Edward,Reyes,jasminebrown@example.com,Professor,2012-08-29,698B,125909,13,2,Mathematics,Megan Mcclain,Miller Hall,2,51,7,2,137,4007,11,2.54,2.57,15.48,34.47,17.16,10.76,22.13,77.87,2.8,166,3.22,3.03,3.72,2.24,4.25,60.6,3.15,94.02,2.81,-0.0,-0.27,-0.12,9,45,False,True,False,False,True
59,Steven,Brown,xprice@example.net,Associate Professor,2024-12-17,158C,70500,1,17,Sociology,Crystal Johnson,Stewart Hall,6,139,24,6,28,847,5,2.73,3.12,30.54,32.96,16.99,11.91,7.6,92.4,2.86,438,4.07,4.19,4.96,3.99,4.13,74.83,2.71,85.26,12.59,0.45,0.05,-0.31,6,5,False,False,True,False,True
60,Andrew,Gilmore,wwoods@example.com,Professor,2021-02-10,709A,148501,4,6,English,Melissa Peterson,Moore Hall,1,37,4,1,36,1170,17,2.52,3.32,24.76,33.34,25.4,10.47,6.03,93.97,3.23,314,3.11,4.11,3.73,3.63,4.4,81.39,3.24,86.07,13.27,-0.38,-0.19,-0.49,1,77,False,False,False,True,True
61,Melissa,Ashley,vmedina@example.net,Lecturer,2022-01-15,222C,92271,4,8,Psychology,Lindsey Roman,Blair Hall,0,0,0,0,138,4726,26,2.82,2.51,29.56,25.54,24.01,10.33,10.56,89.44,3.1,419,4.11,4.68,3.41,2.56,2.97,66.94,2.89,96.99,10.42,0.11,-0.3,0.25,13,88,False,False,False,False,False
62,Rachael,Freeman,ryan06@example.com,Adjunct,2019-06-03,140C,70745,6,19,Communications,Matthew Foster,Rocha Hall,2,45,6,2,48,3276,19,2.99,3.17,19.28,31.51,21.07,9.55,18.59,81.41,2.56,159,3.03,4.36,3.68,2.63,3.74,73.61,3.19,87.43,14.63,-0.26,-0.09,0.09,7,25,False,True,False,False,False
63,Lauren,Ramsey,ncalhoun@example.net,Adjunct,2006-07-31,678C,101467,19,14,Art,Timothy Wong,Lynch Hall,4,98,13,4,137,533,13,3.08,3.4,25.69,29.87,19.82,6.57,18.05,81.95,2.71,219,4.7,4.18,4.62,2.06,3.99,80.25,3.13,89.05,9.0,-0.02,-0.16,-0.31,19,73,True,True,False,False,False
64,Phillip,Elliott,millerroy@example.com,Associate Professor,2009-09-04,785C,101180,16,9,Economics,Valerie Gray,Arnold Hall,0,0,0,0,146,3582,6,3.46,2.65,15.68,30.02,18.77,8.82,26.71,73.29,2.59,182,4.17,3.47,3.15,3.53,3.54,72.2,3.32,96.64,4.29,-0.42,-0.08,0.25,4,94,False,True,False,True,True
65,Jorge,Murphy,wmurphy@example.com,Assistant Professor,2011-08-10,505A,148039,14,8,Psychology,Lindsey Roman,Blair Hall,1,15,5,1,119,1184,4,2.75,3.03,20.59,37.87,17.68,9.83,14.03,85.97,3.28,290,3.06,4.25,3.05,2.24,2.63,74.05,3.05,93.27,2.71,0.05,-0.11,0.36,8,66,False,False,False,False,False
66,Stephanie,Fisher,ruizkaitlyn@example.org,Lecturer,2026-01-15,423A,61220,0,10,Business Administration,Lisa Hensley,Ray Hall,3,59,10,3,102,4569,15,2.59,2.9,23.87,38.26,22.5,7.42,7.95,92.05,3.3,67,3.87,4.19,4.55,3.67,3.28,94.55,3.42,85.86,7.92,0.16,0.15,0.3,8,94,False,False,False,False,False
67,Michael,Santos,websterstefanie@example.org,Adjunct,2022-10-29,676A,69602,3,15,Music,Nicholas Martin,Gray Hall,6,183,26,6,78,2647,29,2.87,3.15,32.95,35.73,19.97,5.2,6.15,93.85,2.82,287,4.28,3.04,3.66,2.37,2.88,62.93,2.97,92.84,7.57,-0.31,0.05,-0.27,11,84,False,False,True,False,False
68,Christine,Allen,kcaldwell@example.org,Associate Professor,2015-05-06,618B,77361,10,18,Political Science,Daniel Hahn,Walter Hall,2,37,9,2,37,2151,23,3.36,3.38,15.55,26.24,22.6,6.6,29.01,70.99,3.11,487,4.41,4.3,3.58,2.8,3.94,85.68,3.04,88.24,10.64,0.01,-0.09,0.07,9,81,False,True,False,False,True
69,Jonathan,Wood,stricklandfrank@example.com,Professor,2008-03-15,350B,97353,17,12,Nursing,David Garcia,Ramirez Hall,5,123,21,5,51,4585,8,3.03,3.37,34.25,26.54,24.29,10.6,4.32,95.68,2.78,487,3.15,3.08,4.41,3.86,2.57,67.49,3.31,89.06,4.04,0.22,0.29,-0.4,15,25,False,False,True,False,True
70,Anthony,Collins,tsanders@example.org,Lecturer,2007-07-25,953C,152214,18,6,English,Melissa Peterson,Moore Hall,1,13,4,1,49,3279,13,3.44,2.52,24.35,30.75,27.68,8.29,8.93,91.07,3.25,128,4.54,3.26,4.12,2.05,4.28,83.28,3.15,94.68,9.54,0.15,0.14,-0.09,3,67,True,False,False,True,False
71,Hannah,Burton,terrykevin@example.net,Adjunct,2018-01-19,926C,129329,7,10,Business Administration,Lisa Hensley,Ray Hall,4,119,16,4,41,3324,6,3.49,3.23,19.1,39.39,25.89,12.39,3.23,96.77,3.19,207,4.75,3.12,4.33,2.9,4.0,94.03,3.1,85.5,6.42,0.17,-0.12,-0.04,3,64,True,False,False,False,False
72,David,Riggs,reedross@example.com,Adjunct,2007-06-03,406C,73577,18,1,Computer Science,Allison Hill,Walker Hall,1,10,5,1,59,1671,13,2.58,3.02,31.28,37.91,28.86,6.13,-4.18,104.18,3.38,201,4.38,4.85,4.61,3.52,2.52,71.31,2.5,95.82,13.22,0.45,0.25,-0.48,6,85,False,False,True,True,False
73,Deborah,Smith,gshort@example.com,Assistant Professor,2025-04-04,218A,157310,0,5,Biology,Kevin Pacheco,Smith Hall,3,77,13,3,118,4634,30,3.2,2.74,31.31,26.29,17.44,13.03,11.93,88.07,2.96,362,4.55,3.19,4.95,2.47,3.73,65.06,3.41,86.02,13.24,-0.13,-0.06,0.43,15,92,True,False,True,False,False
74,Cynthia,Poole,ryangross@example.net,Associate Professor,2011-06-11,378B,139276,14,18,Political Science,Daniel Hahn,Walter Hall,0,0,0,0,78,4182,10,3.25,3.28,33.95,30.42,29.79,11.24,-5.4,105.4,2.57,201,4.16,3.4,3.38,3.59,3.15,81.11,3.02,92.79,12.06,-0.18,-0.03,-0.22,16,100,False,False,True,False,True
75,Lindsey,Medina,umarshall@example.net,Assistant Professor,2011-05-30,308C,143130,14,7,History,Gabrielle Davis,Davis Hall,1,23,3,1,117,1579,23,2.99,3.27,24.28,38.7,17.81,11.01,8.2,91.8,3.16,395,3.1,3.87,3.69,2.1,3.98,62.89,3.38,91.03,13.65,0.05,-0.09,-0.18,17,20,False,False,False,True,False
76,Melissa,Rivas,ramirezshannon@example.com,Adjunct,2017-06-09,600B,178664,8,9,Economics,Valerie Gray,Arnold Hall,2,50,9,2,54,961,5,2.73,3.23,28.72,25.17,21.7,11.14,13.27,86.73,3.43,226,3.89,4.03,3.8,3.07,3.48,82.26,3.17,87.35,2.7,0.09,-0.07,0.11,8,97,False,False,False,False,False
77,Elizabeth,Rogers,lrosales@example.com,Professor,2010-04-14,749B,168704,15,2,Mathematics,Megan Mcclain,Miller Hall,5,84,19,5,52,1463,5,3.44,3.27,30.76,28.07,25.27,11.66,4.24,95.76,2.88,350,4.25,4.89,4.9,3.95,3.96,91.9,2.52,91.46,9.51,-0.18,0.26,-0.07,9,45,False,False,True,False,True
78,Lauren,Peterson,angela83@example.org,Professor,2010-11-14,103B,161072,15,9,Economics,Valerie Gray,Arnold Hall,4,82,16,4,35,1641,23,3.24,2.88,18.21,30.02,17.23,7.44,27.1,72.9,2.87,213,4.03,3.92,4.51,3.94,4.46,67.78,3.1,92.48,3.76,0.13,0.03,-0.16,18,23,False,True,False,False,True
79,Richard,Peters,hannahbrewer@example.com,Assistant Professor,2015-01-02,265C,117912,11,5,Biology,Kevin Pacheco,Smith Hall,0,0,0,0,59,3665,14,3.44,3.13,33.18,30.09,25.54,8.54,2.65,97.35,3.11,385,3.09,4.78,4.44,3.64,4.23,76.55,3.4,86.03,13.62,-0.04,-0.2,0.06,14,88,False,False,True,True,False
80,Andre,Phillips,tholt@example.net,Lecturer,2017-09-03,674A,74663,8,18,Political Science,Daniel Hahn,Walter Hall,1,25,4,1,135,1425,19,2.91,3.01,30.5,37.41,22.46,12.35,-2.72,102.72,2.84,453,4.29,3.2,4.88,4.3,3.14,75.47,3.06,85.24,11.08,-0.29,-0.22,0.31,1,44,False,False,True,True,False
81,Thomas,Schmidt,jbarajas@example.com,Associate Professor,2013-01-28,658A,169392,12,3,Physics,Allen Robinson,Wagner Hall,2,40,7,2,76,2018,10,2.59,2.99,34.53,38.46,21.71,12.46,-7.16,107.16,2.9,88,4.0,4.13,4.18,4.49,3.03,77.87,2.56,85.77,8.79,0.41,-0.08,-0.4,14,97,False,False,True,True,True
82,Shawn,Parker,davidlee@example.org,Adjunct,2020-11-24,665A,116333,5,12,Nursing,David Garcia,Ramirez Hall,3,83,9,3,101,3721,11,3.09,2.68,27.17,25.76,26.61,7.06,13.4,86.6,2.56,260,3.84,3.1,3.79,2.43,2.63,60.14,3.42,90.08,5.59,-0.46,-0.05,0.35,16,52,False,False,False,True,False
83,Stephanie,Vaughn,javierwashington@example.net,Professor,2017-10-31,415B,177831,8,5,Biology,Kevin Pacheco,Smith Hall,3,85,13,3,137,1007,28,3.03,3.07,17.03,29.87,24.8,6.24,22.06,77.94,3.19,80,4.75,4.12,3.76,2.98,2.61,79.13,3.46,92.73,7.62,-0.27,0.24,-0.25,8,25,True,True,False,False,True
84,Kathleen,Carlson,wallkenneth@example.com,Assistant Professor,2009-08-18,315C,92706,16,2,Mathematics,Megan Mcclain,Miller Hall,1,18,3,1,131,1827,22,2.58,3.25,19.62,28.1,29.95,11.82,10.51,89.49,2.74,330,3.57,3.24,3.25,3.99,3.23,61.13,2.55,91.8,10.76,-0.36,0.19,-0.21,6,59,False,False,False,True,False
85,Alexis,Ferguson,brandon08@example.com,Assistant Professor,2019-12-28,898C,175885,6,4,Chemistry,Cristian Santos,Gardner Hall,5,154,21,5,38,4208,21,2.91,2.57,22.71,38.73,20.92,7.57,10.07,89.93,2.75,296,3.81,4.29,3.66,3.88,3.51,62.8,3.01,97.69,4.55,0.05,0.1,0.14,1,13,False,False,False,False,False
86,David,Oneill,agarcia@example.net,Adjunct,2011-09-24,867A,91029,14,14,Art,Timothy Wong,Lynch Hall,1,19,5,1,65,3349,5,2.64,3.45,26.19,37.05,18.23,13.46,5.07,94.93,2.7,115,3.33,4.48,4.2,3.67,2.56,69.55,3.11,94.22,9.55,0.36,0.19,-0.15,20,69,False,False,False,True,False
87,Timothy,Peterson,kingmichelle@example.org,Associate Professor,2022-06-26,522A,83509,3,6,English,Melissa Peterson,Moore Hall,2,45,10,2,97,3435,5,2.87,2.79,20.71,25.88,20.51,5.16,27.74,72.26,2.54,165,3.8,3.74,4.93,2.82,4.16,69.58,3.14,86.97,5.65,0.11,0.08,0.27,15,87,False,True,False,True,True
88,Richard,Jones,hernandezlisa@example.com,Lecturer,2007-09-30,921C,173254,18,11,Engineering,Amber Perez,Roberts Hall,0,0,0,0,54,724,21,3.32,2.96,26.31,30.45,20.19,10.56,12.49,87.51,2.61,123,4.6,4.39,3.73,3.35,3.14,72.52,3.13,92.31,8.6,-0.45,-0.06,-0.09,2,64,True,False,False,True,False
89,John,Grant,yobrien@example.net,Assistant Professor,2010-07-22,263C,74168,15,8,Psychology,Lindsey Roman,Blair Hall,0,0,0,0,44,2646,25,2.83,3.32,34.23,31.25,23.55,11.01,-0.04,100.04,3.25,66,4.9,3.81,3.18,2.02,4.1,75.32,2.81,87.03,11.69,-0.47,0.25,0.04,20,22,True,False,True,True,False
90,Alexandra,Hayes,levans@example.com,Professor,2012-02-24,979B,89154,13,13,Education,Holly Wood,Clark Hall,0,0,0,0,66,3625,7,3.08,3.16,19.4,36.67,19.99,10.45,13.49,86.51,3.1,314,3.19,4.19,3.03,3.77,3.93,61.83,3.22,95.73,6.28,-0.33,-0.19,-0.12,13,87,False,False,False,True,True
91,Christine,Lynch,mezajared@example.org,Lecturer,2011-05-03,458B,167549,14,7,History,Gabrielle Davis,Davis Hall,1,12,4,1,69,2445,23,2.9,2.71,19.41,27.39,24.47,13.21,15.52,84.48,2.89,119,4.14,3.11,3.25,2.57,3.88,66.47,3.14,96.74,8.96,0.25,-0.03,0.4,6,57,False,True,False,False,False
92,Christopher,Allen,moorericky@example.net,Associate Professor,2017-12-01,124C,85313,8,8,Psychology,Lindsey Roman,Blair Hall,4,116,17,4,104,789,4,2.93,3.34,21.68,34.83,21.5,5.55,16.44,83.56,3.27,337,4.52,4.73,4.03,4.14,3.4,78.02,2.9,96.37,12.92,-0.3,-0.12,-0.26,8,44,True,True,False,True,True
93,Kelly,Hall,jacqueline71@example.net,Assistant Professor,2010-09-17,385A,161361,15,13,Education,Holly Wood,Clark Hall,1,25,5,1,55,3546,23,2.94,3.35,27.74,29.38,19.73,13.33,9.82,90.18,2.79,156,4.45,3.83,3.8,3.26,3.48,79.39,3.23,95.93,9.72,-0.42,-0.23,-0.09,12,90,False,False,False,False,False
94,Joseph,Moody,ronaldstephens@example.net,Assistant Professor,2009-01-08,756C,112386,17,9,Economics,Valerie Gray,Arnold Hall,0,0,0,0,110,2010,25,3.33,3.27,28.29,33.27,19.48,5.71,13.25,86.75,3.21,178,4.92,4.11,3.27,2.52,2.7,70.17,2.74,94.74,9.9,0.41,0.26,-0.0,12,17,True,False,False,True,False
95,Joseph,Thomas,martinkyle@example.net,Assistant Professor,2022-07-12,128A,174955,3,18,Political Science,Daniel Hahn,Walter Hall,2,64,9,2,146,4195,23,2.96,2.68,25.8,28.81,22.23,12.47,10.69,89.31,3.07,178,4.38,3.23,3.47,3.75,2.85,88.29,3.3,94.08,10.63,-0.3,-0.22,-0.47,7,4,False,False,False,False,False
96,Samantha,Gonzales,sbarker@example.com,Associate Professor,2024-11-23,694B,65014,1,9,Economics,Valerie Gray,Arnold Hall,3,79,12,3,49,1457,13,3.29,2.75,30.64,29.61,23.79,12.32,3.64,96.36,3.24,88,4.53,3.97,4.26,3.94,3.58,86.57,2.69,97.76,12.66,0.44,0.13,0.08,18,91,True,False,True,True,True
97,Vincent,Snyder,georgepamela@example.net,Adjunct,2012-06-27,544B,155491,13,4,Chemistry,Cristian Santos,Gardner Hall,4,128,16,4,142,1558,23,3.45,2.67,20.71,36.69,20.79,7.52,14.29,85.71,2.79,412,3.58,4.8,4.24,2.79,4.31,85.37,2.61,85.67,5.02,-0.34,-0.07,0.47,3,76,False,False,False,True,False
98,John,Davis,keyemily@example.com,Lecturer,2017-07-26,720C,75157,8,11,Engineering,Amber Perez,Roberts Hall,1,14,3,1,91,977,17,2.5,2.85,18.79,38.41,18.39,9.45,14.96,85.04,3.32,407,3.52,3.64,3.47,3.53,2.88,82.35,2.6,96.88,7.02,0.43,-0.03,0.11,13,42,False,False,False,True,False
99,Kathryn,Thompson,lmoon@example.net,Adjunct,2014-10-05,294B,65817,11,13,Education,Holly Wood,Clark Hall,2,30,9,2,38,4291,26,2.61,2.73,22.23,31.35,20.49,14.42,11.51,88.49,3.03,81,3.81,3.97,4.63,3.62,3.15,82.66,2.95,90.18,5.57,0.13,-0.26,0.1,12,3,False,False,False,False,False
100,Lisa,Costa,vbailey@example.com,Professor,2019-06-12,632C,150027,6,14,Art,Timothy Wong,Lynch Hall,0,0,0,0,96,3422,20,2.87,3.2,29.17,28.49,15.95,9.55,16.84,83.16,2.58,152,4.7,4.95,3.55,3.22,3.98,94.59,3.11,89.58,5.81,-0.21,0.18,0.48,8,53,True,True,False,True,True
101,Mia,Rivera,zroberts@example.net,Assistant Professor,2006-10-11,541A,147062,19,7,History,Gabrielle Davis,Davis Hall,2,59,8,2,101,1212,16,2.56,3.21,22.16,37.59,29.33,7.68,3.24,96.76,2.87,215,3.43,4.77,4.41,4.04,2.92,79.68,3.14,87.41,14.55,0.18,0.0,0.18,15,49,False,False,False,True,False
102,Christopher,King,cordovarichard@example.net,Adjunct,2022-07-17,421C,171151,3,11,Engineering,Amber Perez,Roberts Hall,3,83,11,3,21,4177,18,2.77,3.0,28.69,33.58,28.02,6.2,3.51,96.49,2.97,65,3.23,3.99,4.73,3.56,3.12,87.91,2.74,96.83,5.75,-0.36,0.15,-0.33,20,62,False,False,False,False,False
103,Aaron,Booth,mgutierrez@example.net,Assistant Professor,2013-04-11,619B,147410,12,4,Chemistry,Cristian Santos,Gardner Hall,4,92,17,4,70,1209,5,3.02,3.43,21.19,38.68,29.86,10.03,0.24,99.76,3.3,171,3.53,3.18,4.1,2.46,3.47,86.41,3.32,91.63,8.69,-0.33,0.06,0.45,2,9,False,False,False,True,False
104,Katherine,Garrett,harrisandrea@example.com,Assistant Professor,2014-10-21,512C,98752,11,14,Art,Timothy Wong,Lynch Hall,0,0,0,0,101,4384,29,3.07,2.52,15.01,25.89,25.55,7.84,25.71,74.29,2.84,400,3.83,4.21,3.63,2.96,4.24,78.63,2.62,96.98,12.54,-0.31,0.23,-0.24,9,40,False,True,False,True,False
105,Helen,Martinez,jennifercollins@example.org,Associate Professor,2017-02-01,296B,147153,8,18,Political Science,Daniel Hahn,Walter Hall,0,0,0,0,62,4301,19,2.99,3.13,31.01,28.95,23.96,10.61,5.47,94.53,2.54,193,4.45,4.35,4.48,3.16,2.81,62.06,3.17,95.35,13.1,0.29,0.29,-0.06,11,45,False,False,True,False,True
106,Christopher,Gay,murraydavid@example.org,Associate Professor,2016-01-04,730C,99446,10,13,Education,Holly Wood,Clark Hall,1,10,4,1,141,2908,15,2.56,3.35,28.35,28.54,28.26,5.22,9.63,90.37,3.08,279,3.59,4.99,3.18,3.22,4.5,65.65,3.47,96.97,4.23,0.48,0.27,0.42,12,59,False,False,False,False,True
107,Jennifer,Hicks,robert77@example.org,Adjunct,2015-03-06,953A,99829,10,13,Education,Holly Wood,Clark Hall,0,0,0,0,110,1559,20,3.0,3.45,31.69,27.19,18.71,9.29,13.12,86.88,3.25,341,3.4,4.42,4.89,4.24,2.91,75.27,3.44,97.58,10.25,0.41,-0.28,-0.35,5,59,False,False,True,False,False
108,Duane,Lee,michellehill@example.com,Associate Professor,2012-11-02,540C,139516,13,10,Business Administration,Lisa Hensley,Ray Hall,2,22,9,2,78,2968,27,3.04,3.21,34.24,36.01,19.64,14.09,-3.98,103.98,2.52,378,3.47,3.15,4.03,2.86,4.44,76.01,2.72,95.64,14.41,0.12,0.08,0.3,8,94,False,False,True,False,True
109,Kristin,Adams,campbellkenneth@example.net,Lecturer,2017-08-22,552B,148555,8,11,Engineering,Amber Perez,Roberts Hall,2,56,6,2,43,3730,16,3.33,2.64,31.37,29.51,26.83,6.01,6.28,93.72,3.14,242,4.48,3.59,3.96,2.62,2.62,94.96,3.07,93.05,8.83,0.39,0.09,0.12,2,76,False,False,True,True,False
110,Donna,Grimes,wryan@example.com,Adjunct,2017-01-29,584C,82241,8,7,History,Gabrielle Davis,Davis Hall,1,40,3,1,89,3925,11,3.44,3.03,23.93,27.69,17.09,12.15,19.14,80.86,3.09,385,4.9,3.2,4.87,3.99,3.59,85.08,2.73,87.25,2.56,-0.1,0.1,0.28,1,41,True,True,False,False,False
111,Amy,Gibson,molly39@example.com,Assistant Professor,2010-09-18,627C,142960,15,3,Physics,Allen Robinson,Wagner Hall,4,72,14,4,24,4927,20,2.96,2.53,29.27,35.1,29.39,6.74,-0.5,100.5,3.43,61,3.89,4.57,3.67,3.33,4.23,78.15,2.79,86.22,4.4,0.41,0.0,-0.09,8,75,False,False,False,True,False
112,Kimberly,Williams,zthornton@example.com,Assistant Professor,2013-10-06,195A,148184,12,20,Statistics,Derek Wright,Hoffman Hall,5,120,21,5,85,505,10,2.97,3.39,34.74,27.26,26.9,6.02,5.08,94.92,2.87,115,4.0,4.32,3.95,4.14,3.81,89.33,3.5,87.0,11.26,-0.1,0.0,0.49,12,81,False,False,True,True,False
113,Elizabeth,Hoover,tylerjohnson@example.net,Associate Professor,2025-05-07,925A,79313,0,10,Business Administration,Lisa Hensley,Ray Hall,1,39,4,1,147,4535,27,3.07,2.53,26.1,30.05,28.71,14.28,0.86,99.14,3.27,274,4.59,3.95,3.8,3.23,4.49,72.66,2.74,86.78,10.21,0.4,0.01,0.42,2,49,True,False,False,False,True
114,Martin,Garcia,dgarcia@example.org,Professor,2020-06-28,350B,140120,5,1,Computer Science,Allison Hill,Walker Hall,3,79,14,3,20,2235,23,3.06,2.87,33.04,33.48,26.62,10.34,-3.48,103.48,3.4,284,4.44,4.53,3.32,3.45,3.72,73.59,3.32,88.47,6.52,-0.19,0.02,0.02,8,18,False,False,True,True,True
115,Robert,Pena,charlesharrington@example.com,Lecturer,2012-10-24,524C,135454,13,3,Physics,Allen Robinson,Wagner Hall,2,33,9,2,68,4574,22,3.39,2.93,18.9,33.64,18.24,11.04,18.18,81.82,2.68,488,3.44,3.82,4.74,3.54,2.61,83.39,3.08,96.83,14.39,0.41,0.29,0.0,15,11,False,True,False,True,False
116,Heather,Santos,melissa86@example.com,Lecturer,2018-07-30,606B,91979,7,7,History,Gabrielle Davis,Davis Hall,2,51,8,2,136,2091,8,3.34,3.08,26.88,34.52,25.5,12.8,0.3,99.7,3.24,392,3.89,3.57,4.47,3.24,3.4,77.76,2.96,85.78,2.04,0.3,-0.25,-0.0,18,48,False,False,False,False,False
117,Paige,Freeman,williamsonjimmy@example.net,Professor,2024-06-17,868A,162029,1,5,Biology,Kevin Pacheco,Smith Hall,3,65,11,3,107,1608,12,3.15,3.39,33.75,29.9,23.87,7.13,5.35,94.65,2.62,475,4.26,3.62,4.24,2.11,4.24,66.75,2.91,92.91,8.83,0.13,0.26,-0.0,15,51,False,False,True,False,True
118,Wendy,Francis,wgood@example.net,Associate Professor,2020-02-13,280C,127889,5,14,Art,Timothy Wong,Lynch Hall,3,72,11,3,48,658,28,2.77,3.46,19.59,25.51,28.4,14.4,12.1,87.9,3.01,282,4.19,3.96,4.3,2.24,4.02,83.01,2.64,90.74,9.08,0.02,0.08,0.13,13,11,False,False,False,False,True
119,Craig,Jackson,rebecca05@example.org,Professor,2011-11-29,670A,171193,14,15,Music,Nicholas Martin,Gray Hall,6,169,22,6,135,3571,9,3.16,2.55,30.49,30.28,27.93,11.35,-0.05,100.05,3.31,282,3.34,3.02,3.36,3.89,4.21,64.44,2.71,85.78,10.67,0.38,0.05,-0.14,5,39,False,False,True,True,True
120,Nicholas,Thomas,yknight@example.org,Lecturer,2009-06-10,236B,147500,16,4,Chemistry,Cristian Santos,Gardner Hall,7,166,32,7,31,789,9,3.33,3.0,25.54,26.9,18.98,8.92,19.66,80.34,3.06,55,3.29,3.96,4.95,3.49,3.93,89.45,3.38,96.12,9.49,0.11,0.14,-0.17,13,31,False,True,False,True,False
121,Christian,Pitts,tyleraguilar@example.org,Adjunct,2015-04-07,709B,158992,10,17,Sociology,Crystal Johnson,Stewart Hall,4,108,16,4,142,3933,4,3.08,2.97,31.88,25.04,20.43,5.06,17.59,82.41,3.43,388,4.92,3.41,3.99,3.94,4.37,68.48,2.55,88.52,4.35,0.13,0.11,0.02,7,43,True,True,True,False,False
122,Jonathan,Scott,nolansteven@example.com,Adjunct,2019-08-05,934C,176918,6,15,Music,Nicholas Martin,Gray Hall,6,156,25,6,71,3733,10,3.16,2.98,19.12,36.74,18.54,11.83,13.77,86.23,3.34,99,4.16,3.46,4.28,3.53,4.41,87.33,2.81,97.43,8.25,0.32,0.03,0.31,11,36,False,False,False,True,False
123,Eric,Alexander,vanessa46@example.net,Lecturer,2011-01-16,950C,118446,15,17,Sociology,Crystal Johnson,Stewart Hall,3,73,12,3,102,4079,28,3.29,2.86,21.87,29.25,22.61,8.26,18.01,81.99,2.57,438,3.52,3.43,3.88,3.11,3.55,81.17,2.67,97.56,5.48,-0.29,-0.17,-0.0,6,62,False,True,False,False,False
124,Megan,Gonzalez,gcastaneda@example.org,Lecturer,2013-09-01,560B,158536,12,6,English,Melissa Peterson,Moore Hall,2,61,8,2,143,2666,25,2.91,2.6,30.2,27.59,18.27,8.31,15.63,84.37,3.04,222,3.34,4.24,3.78,4.34,4.08,91.6,3.09,88.09,8.24,-0.44,0.16,-0.03,7,89,False,True,True,False,False
125,Michael,Phillips,andrew64@example.org,Assistant Professor,2017-05-12,884C,123517,8,8,Psychology,Lindsey Roman,Blair Hall,1,37,5,1,95,530,22,2.5,2.54,24.31,35.47,17.23,6.3,16.69,83.31,2.97,105,3.21,3.55,3.04,4.37,2.93,93.14,3.39,85.21,3.75,-0.43,0.19,0.5,4,95,False,True,False,True,False
126,Gina,Garner,lozanojulie@example.com,Assistant Professor,2021-07-22,550A,153525,4,8,Psychology,Lindsey Roman,Blair Hall,1,21,5,1,112,2032,7,2.67,2.77,20.87,34.19,20.18,5.83,18.93,81.07,3.33,417,4.77,3.28,3.3,3.78,3.28,69.13,2.85,88.59,13.19,-0.48,0.21,0.0,15,91,True,True,False,False,False
127,Jerry,Pham,danaoliver@example.net,Associate Professor,2021-02-25,378B,101904,4,10,Business Administration,Lisa Hensley,Ray Hall,2,69,10,2,24,2119,28,2.56,3.09,28.14,27.37,22.95,7.51,14.03,85.97,2.81,158,3.8,3.5,3.47,3.46,4.43,85.22,3.45,94.74,3.79,0.48,-0.03,-0.06,12,70,False,False,False,False,True
128,Katrina,Becker,courtneyberger@example.net,Professor,2006-10-30,241A,90311,19,18,Political Science,Daniel Hahn,Walter Hall,4,120,13,4,45,3516,30,3.23,3.18,16.6,34.79,15.68,11.28,21.65,78.35,2.62,51,3.77,3.65,4.48,2.33,4.24,66.12,2.9,94.92,4.17,0.22,-0.22,-0.34,11,40,False,True,False,False,True
129,Kristina,Johnson,jessica14@example.com,Associate Professor,2020-12-28,823A,68418,5,13,Education,Holly Wood,Clark Hall,0,0,0,0,72,3288,26,2.69,3.33,26.02,27.0,20.32,6.33,20.33,79.67,2.58,342,3.58,3.32,3.67,4.05,3.79,73.36,3.14,93.97,7.58,-0.42,-0.13,-0.1,9,1,False,True,False,True,True
130,Gregory,Anderson,alyssa42@example.com,Lecturer,2024-04-28,438C,121069,1,14,Art,Timothy Wong,Lynch Hall,2,41,8,2,108,908,23,2.5,2.94,34.05,25.14,16.02,14.02,10.77,89.23,3.44,435,4.8,3.72,3.92,2.84,4.06,64.18,2.77,85.87,10.39,-0.35,0.26,-0.36,6,7,True,False,True,True,False
131,Sherry,Coffey,julie51@example.com,Professor,2025-04-19,311B,111049,0,14,Art,Timothy Wong,Lynch Hall,0,0,0,0,37,2367,6,2.85,3.45,34.03,33.67,18.98,12.22,1.1,98.9,3.25,483,4.11,4.33,4.32,3.85,3.44,80.5,2.67,87.29,6.73,-0.16,-0.01,0.08,7,90,False,False,True,False,True
132,Donald,Levy,zcoffey@example.net,Professor,2013-05-10,977C,109857,12,19,Communications,Matthew Foster,Rocha Hall,2,75,9,2,141,1986,19,3.36,2.72,31.36,28.88,20.28,9.63,9.85,90.15,2.58,467,3.32,4.28,3.38,2.66,2.97,92.94,3.37,85.14,14.02,-0.26,0.2,0.23,7,17,False,False,True,True,True
133,Krystal,Smith,gibsonemily@example.net,Professor,2011-04-15,460B,158759,14,16,Philosophy,Margaret Hawkins DDS,Cameron Hall,5,128,20,5,138,863,26,2.58,2.57,28.66,37.49,27.97,9.86,-3.98,103.98,3.28,170,3.22,4.43,3.95,3.68,2.74,69.48,3.14,88.84,3.02,-0.48,-0.01,-0.44,3,10,False,False,False,True,True
134,Parker,Little,daniel37@example.org,Lecturer,2018-06-07,651C,156289,7,13,Education,Holly Wood,Clark Hall,2,48,8,2,97,910,19,3.31,2.67,18.34,31.14,24.68,14.19,11.65,88.35,3.11,494,3.87,3.06,3.11,3.8,3.89,63.93,3.16,90.04,14.84,-0.03,-0.24,-0.36,18,63,False,False,False,False,False
135,Sherry,Murphy,deborahreid@example.com,Adjunct,2024-03-25,325B,88760,1,18,Political Science,Daniel Hahn,Walter Hall,2,35,7,2,49,2068,25,2.82,3.04,16.88,26.57,22.4,12.32,21.83,78.17,3.02,354,3.13,4.72,4.84,2.47,3.07,79.91,2.79,92.09,2.09,-0.18,-0.23,-0.5,5,13,False,True,False,False,False
136,Kevin,Ortiz,brandonjohnson@example.com,Lecturer,2008-05-13,597A,110968,17,9,Economics,Valerie Gray,Arnold Hall,1,20,4,1,93,4864,11,2.95,2.85,15.74,39.71,29.71,14.52,0.32,99.68,3.27,368,3.26,3.34,3.73,4.16,3.97,93.85,3.11,96.1,13.56,0.09,0.01,0.19,12,68,False,False,False,False,False
137,Jimmy,Medina,qchavez@example.net,Lecturer,2019-12-21,841A,170166,6,11,Engineering,Amber Perez,Roberts Hall,5,129,23,5,52,830,15,3.14,2.53,32.93,25.38,26.02,5.38,10.29,89.71,3.03,100,4.67,4.17,3.2,3.03,2.56,83.53,2.54,97.6,10.06,0.03,-0.26,0.38,1,68,True,False,True,False,False
138,Amber,Matthews,nicolepena@example.com,Associate Professor,2018-05-10,737C,63534,7,15,Music,Nicholas Martin,Gray Hall,3,78,11,3,60,4650,17,3.17,2.52,29.66,37.71,24.35,5.55,2.73,97.27,2.61,128,4.1,4.9,3.7,3.2,3.79,69.44,2.76,88.09,2.29,-0.44,-0.27,-0.33,17,66,False,False,False,True,True
139,Sheila,Ramirez,jeff73@example.com,Adjunct,2008-01-11,677C,63552,18,13,Education,Holly Wood,Clark Hall,3,82,13,3,47,2904,15,3.2,3.42,18.64,34.62,19.43,14.14,13.17,86.83,2.78,116,4.32,4.75,3.11,3.81,3.86,85.81,3.03,87.56,12.18,0.23,0.26,-0.43,8,86,False,False,False,True,False
140,Gina,Stephens,bruce43@example.org,Lecturer,2025-01-08,238B,83819,1,3,Physics,Allen Robinson,Wagner Hall,4,124,16,4,61,3035,30,2.62,3.05,33.32,35.54,19.71,12.36,-0.93,100.93,3.38,240,3.88,3.46,4.82,3.0,4.22,73.47,3.06,92.91,6.04,0.39,-0.04,-0.46,20,81,False,False,True,True,False
141,Madison,Davis,darleneharper@example.org,Assistant Professor,2007-01-20,488B,87742,19,2,Mathematics,Megan Mcclain,Miller Hall,3,62,9,3,131,2067,28,2.75,2.77,28.32,27.95,21.84,6.75,15.14,84.86,3.45,362,3.09,4.38,4.15,2.68,2.87,61.67,2.74,89.36,8.24,0.43,-0.18,0.34,3,8,False,True,False,False,False
142,Matthew,Zhang,caseyhubbard@example.org,Assistant Professor,2017-10-08,445B,96471,8,15,Music,Nicholas Martin,Gray Hall,5,76,17,5,44,4552,7,2.98,2.86,21.54,27.56,18.38,6.75,25.77,74.23,2.91,119,4.81,3.65,3.53,3.56,4.22,85.64,2.64,86.5,8.07,0.12,0.27,-0.35,3,51,True,True,False,False,False
143,Lisa,Hall,kristinacarlson@example.com,Assistant Professor,2023-03-18,954A,121644,2,14,Art,Timothy Wong,Lynch Hall,3,70,13,3,52,1936,29,2.58,2.56,32.94,25.24,26.2,5.88,9.74,90.26,2.57,110,4.48,3.29,3.43,2.69,3.05,88.95,3.47,88.91,8.67,-0.25,0.2,-0.25,14,34,False,False,True,True,False
144,Duane,Anderson,lauren10@example.org,Adjunct,2006-05-04,153B,89389,19,1,Computer Science,Allison Hill,Walker Hall,3,101,15,3,65,3381,6,3.02,2.96,23.59,33.77,17.15,7.51,17.98,82.02,2.79,499,4.61,4.89,3.31,3.92,4.04,71.69,3.22,89.5,5.57,-0.25,-0.22,0.16,13,24,True,True,False,False,False
145,Kristy,Young,alfred40@example.org,Professor,2020-11-16,872A,92411,5,3,Physics,Allen Robinson,Wagner Hall,0,0,0,0,30,721,27,3.09,2.51,17.27,31.88,23.51,9.99,17.35,82.65,2.93,486,4.56,4.64,3.06,2.96,3.09,79.79,3.15,92.71,9.17,0.22,-0.17,0.35,9,81,True,True,False,False,True
146,Alicia,Reese,xwest@example.net,Professor,2017-11-30,736A,91266,8,7,History,Gabrielle Davis,Davis Hall,2,56,10,2,20,2044,20,3.35,3.38,17.81,25.95,23.62,12.09,20.53,79.47,2.97,65,3.55,3.72,4.17,3.43,2.84,71.99,3.44,87.4,11.25,-0.46,-0.14,-0.29,1,19,False,True,False,False,True
147,Shannon,Walker,acostaregina@example.net,Lecturer,2016-06-21,785A,133920,9,5,Biology,Kevin Pacheco,Smith Hall,3,52,14,3,69,4434,13,2.54,3.12,24.84,38.97,29.52,6.49,0.18,99.82,3.27,310,3.17,3.46,4.87,4.0,2.96,66.42,2.92,89.72,14.18,0.17,-0.05,0.45,2,55,False,False,False,False,False
148,Stephen,Maynard,lutzmelanie@example.com,Lecturer,2019-10-06,816B,160518,6,7,History,Gabrielle Davis,Davis Hall,1,22,3,1,112,1532,10,3.0,3.34,25.48,35.22,19.96,12.85,6.49,93.51,3.43,337,4.87,4.91,3.16,4.11,2.6,78.39,3.0,95.47,2.12,0.5,-0.29,-0.16,18,63,True,False,False,False,False
149,Tracy,Browning,lammarc@example.org,Associate Professor,2007-05-10,720C,158032,18,12,Nursing,David Garcia,Ramirez Hall,4,89,18,4,80,694,12,2.64,3.1,31.61,25.52,27.26,11.61,4.0,96.0,2.94,252,4.83,4.35,3.87,4.11,3.63,87.76,2.94,92.28,2.31,0.24,-0.05,-0.25,20,93,True,False,True,True,True
150,Joshua,Schultz,oscar98@example.com,Associate Professor,2015-02-12,418A,135849,10,4,Chemistry,Cristian Santos,Gardner Hall,6,173,23,6,68,3693,10,3.47,3.28,16.41,25.03,23.56,14.19,20.81,79.19,3.11,151,3.63,4.01,3.7,2.76,4.37,79.37,3.33,91.81,14.76,0.25,-0.02,0.39,18,2,False,True,False,False,True
151,Catherine,Garcia,farrelldebra@example.net,Assistant Professor,2020-06-16,689C,179016,5,1,Computer Science,Allison Hill,Walker Hall,4,116,15,4,89,4311,9,3.39,2.64,17.85,25.3,27.79,5.59,23.47,76.53,3.36,293,3.01,3.11,3.4,3.73,3.39,63.62,2.59,96.4,8.31,-0.07,0.11,-0.14,2,68,False,True,False,True,False
152,Jason,Hayes,robertwilcox@example.com,Lecturer,2014-05-12,832A,69961,11,13,Education,Holly Wood,Clark Hall,1,33,3,1,133,3346,16,2.93,2.61,31.72,26.43,19.74,14.68,7.43,92.57,3.33,368,3.83,4.21,4.73,2.11,3.36,89.6,2.87,95.69,4.73,0.03,-0.11,-0.12,12,51,False,False,True,False,False
153,Cody,Simmons,nicholas27@example.org,Associate Professor,2007-11-13,204C,161250,18,19,Communications,Matthew Foster,Rocha Hall,0,0,0,0,29,1338,6,2.94,2.67,18.55,32.68,21.84,14.27,12.66,87.34,2.61,168,3.71,3.02,3.88,2.84,3.95,83.02,3.41,96.56,10.24,0.16,-0.12,0.37,11,57,False,False,False,False,True
154,Christopher,Reynolds,lisa80@example.net,Adjunct,2025-03-05,924A,164363,0,10,Business Administration,Lisa Hensley,Ray Hall,0,0,0,0,91,657,11,2.84,2.67,27.77,25.78,21.5,7.78,17.17,82.83,3.24,81,3.51,4.87,3.04,2.74,3.13,72.45,2.63,89.49,8.6,-0.1,-0.12,0.31,18,96,False,True,False,False,False
155,Anna,Santiago,qgomez@example.com,Professor,2023-05-28,455C,116148,2,19,Communications,Matthew Foster,Rocha Hall,2,63,6,2,148,1348,28,3.06,3.4,18.94,30.88,22.17,12.6,15.41,84.59,2.99,470,3.35,4.77,3.76,4.03,3.09,78.44,3.21,87.13,4.83,-0.43,-0.19,-0.02,5,31,False,True,False,True,True
156,Jennifer,Schmitt,michael98@example.org,Professor,2009-02-19,618C,104725,16,12,Nursing,David Garcia,Ramirez Hall,6,170,25,6,67,4000,8,2.66,2.5,26.12,33.11,28.99,6.34,5.44,94.56,3.35,218,4.96,4.33,4.79,3.4,3.39,83.36,2.94,85.34,7.63,-0.36,0.13,-0.47,2,25,True,False,False,False,True
157,Timothy,Boone,megan51@example.com,Lecturer,2017-07-10,942B,73833,8,1,Computer Science,Allison Hill,Walker Hall,6,137,24,6,54,2535,25,3.29,2.96,25.28,25.91,29.8,12.83,6.18,93.82,2.63,141,3.36,4.87,3.9,3.5,3.35,82.11,3.29,86.75,12.8,0.25,0.25,-0.49,20,52,False,False,False,True,False
158,Lindsay,Bruce,lynchdiane@example.net,Assistant Professor,2011-05-23,750B,152708,14,14,Art,Timothy Wong,Lynch Hall,2,26,7,2,127,3780,18,2.74,3.42,25.96,26.29,16.92,8.15,22.68,77.32,3.46,342,3.89,3.01,3.98,2.54,4.26,92.63,2.71,93.98,2.43,0.47,0.0,-0.47,12,22,False,True,False,False,False
159,Henry,Park,sandra50@example.org,Lecturer,2023-06-10,280C,128386,2,5,Biology,Kevin Pacheco,Smith Hall,2,50,8,2,38,2064,23,3.42,3.3,16.98,39.91,25.48,12.1,5.53,94.47,3.17,353,4.43,4.42,3.91,2.5,3.96,93.26,2.68,85.66,9.07,-0.04,-0.27,-0.42,11,32,False,False,False,False,False
160,Ashley,Morales,joycebonilla@example.org,Adjunct,2020-12-18,927C,161533,5,9,Economics,Valerie Gray,Arnold Hall,2,53,7,2,115,1173,23,3.34,3.47,26.69,29.65,29.04,7.31,7.31,92.69,2.66,222,3.24,3.32,3.36,4.08,2.95,80.53,3.36,87.52,13.79,0.25,0.2,-0.45,18,67,False,False,False,True,False
161,Jason,Barnes,eric45@example.net,Lecturer,2017-12-19,546C,137656,8,16,Philosophy,Margaret Hawkins DDS,Cameron Hall,3,63,12,3,50,3525,13,2.85,3.42,34.15,25.22,15.82,14.05,10.76,89.24,2.67,294,4.01,3.95,4.87,2.16,3.27,67.84,3.12,91.93,13.41,-0.23,-0.12,-0.38,10,76,False,False,True,False,False
162,Nicole,Moore,craigjoseph@example.net,Assistant Professor,2014-07-10,972A,168885,11,9,Economics,Valerie Gray,Arnold Hall,4,120,17,4,32,4536,12,3.34,3.05,33.46,35.15,18.33,7.4,5.66,94.34,2.86,428,3.42,4.53,3.08,3.83,3.3,90.8,2.8,90.45,8.35,0.05,0.26,0.23,1,3,False,False,True,False,False
163,Catherine,Perry,kariwilson@example.com,Assistant Professor,2008-04-05,561A,158366,17,3,Physics,Allen Robinson,Wagner Hall,2,44,7,2,120,1664,15,3.04,2.7,24.09,38.83,26.63,12.38,-1.93,101.93,2.93,451,4.3,4.39,3.76,2.0,4.41,65.57,3.28,96.64,11.82,-0.41,0.11,-0.43,19,9,False,False,False,True,False
164,Erika,Watkins,brandon69@example.org,Adjunct,2006-03-13,724C,109674,19,15,Music,Nicholas Martin,Gray Hall,3,65,14,3,82,2762,21,3.18,3.47,33.73,32.91,21.07,11.57,0.72,99.28,2.85,276,3.17,4.19,4.87,3.42,4.17,89.4,2.62,87.73,8.59,-0.01,-0.14,0.31,9,67,False,False,True,True,False
165,Kevin,Clark,kathrynroberts@example.org,Professor,2006-03-13,606B,83834,19,11,Engineering,Amber Perez,Roberts Hall,3,57,13,3,113,4630,28,3.05,2.6,15.44,39.78,28.19,7.6,8.99,91.01,3.4,81,4.78,3.04,4.69,3.35,4.17,61.57,2.73,95.17,13.59,0.42,0.25,-0.35,10,85,True,False,False,True,True
166,Julie,Thompson,opatel@example.net,Associate Professor,2017-03-20,463B,104608,8,16,Philosophy,Margaret Hawkins DDS,Cameron Hall,3,88,15,3,60,3206,21,3.41,2.57,25.82,38.91,25.3,12.93,-2.96,102.96,2.88,385,3.82,4.75,4.67,2.64,2.69,68.16,2.66,86.01,2.73,-0.22,-0.26,-0.21,20,89,False,False,False,True,True
167,Elizabeth,Gomez,chensley@example.com,Adjunct,2006-06-01,818B,132848,19,9,Economics,Valerie Gray,Arnold Hall,1,25,4,1,24,1608,18,3.14,3.17,17.46,37.3,26.34,7.59,11.31,88.69,2.93,109,3.86,3.6,4.23,4.05,3.29,79.99,2.93,94.39,10.21,-0.14,-0.05,0.44,18,91,False,False,False,True,False
168,Samantha,Atkins,tberry@example.net,Adjunct,2014-05-25,295A,91635,11,1,Computer Science,Allison Hill,Walker Hall,2,63,8,2,122,3046,18,2.64,2.81,19.81,33.26,23.73,14.11,9.09,90.91,3.19,427,3.59,4.96,3.23,2.46,4.04,82.82,3.08,93.5,5.78,0.03,-0.21,-0.42,11,19,False,False,False,False,False
169,Darius,Smith,george97@example.net,Lecturer,2024-06-08,668A,150519,1,14,Art,Timothy Wong,Lynch Hall,0,0,0,0,121,4287,14,2.55,2.68,15.28,32.1,16.16,7.44,29.02,70.98,3.5,292,3.32,3.64,3.24,3.04,2.76,66.61,3.35,96.66,11.31,-0.18,0.26,0.17,8,55,False,True,False,True,False
170,Christopher,Richard,ryanmorales@example.org,Lecturer,2013-12-16,558A,72196,12,16,Philosophy,Margaret Hawkins DDS,Cameron Hall,6,165,22,6,22,3804,23,3.06,3.15,27.63,25.55,21.19,12.09,13.54,86.46,3.47,127,4.15,3.47,4.09,2.12,4.26,89.28,2.7,90.68,10.01,0.27,0.23,0.12,4,82,False,False,False,False,False
171,Kyle,Morgan,kimberly18@example.net,Associate Professor,2008-04-27,514C,91890,17,10,Business Administration,Lisa Hensley,Ray Hall,3,81,10,3,48,2674,25,3.34,3.48,21.44,38.96,29.09,7.53,2.98,97.02,2.6,392,3.3,4.17,3.32,3.85,3.97,63.94,2.73,87.27,12.86,-0.5,0.09,-0.15,8,87,False,False,False,True,True
172,William,Bullock,michael23@example.org,Adjunct,2008-12-20,477B,132544,17,10,Business Administration,Lisa Hensley,Ray Hall,2,67,8,2,36,4515,17,2.99,3.07,30.97,29.94,22.78,12.95,3.36,96.64,3.09,437,4.82,4.72,3.07,3.01,3.64,86.83,3.03,89.88,11.56,-0.02,-0.13,0.38,11,33,True,False,True,False,False
173,James,Morrison,thompsonkendra@example.com,Assistant Professor,2015-04-28,535C,132140,10,17,Sociology,Crystal Johnson,Stewart Hall,3,89,9,3,126,1873,18,3.36,2.74,29.23,32.97,15.61,5.49,16.7,83.3,3.31,406,3.42,4.5,4.9,2.93,2.73,73.56,2.71,97.12,2.47,-0.06,-0.05,0.25,1,63,False,True,False,False,False
174,Anne,Riley,michelle52@example.com,Assistant Professor,2007-05-29,819B,95509,18,11,Engineering,Amber Perez,Roberts Hall,4,110,18,4,66,1972,25,2.54,3.04,34.54,30.08,25.59,10.37,-0.58,100.58,3.46,98,3.28,3.33,4.7,2.36,3.18,71.08,3.37,87.99,5.85,0.14,0.05,-0.44,9,68,False,False,True,False,False
175,Scott,Turner,brittany58@example.org,Assistant Professor,2012-04-01,336A,154540,13,10,Business Administration,Lisa Hensley,Ray Hall,1,21,5,1,49,1805,25,2.78,2.87,32.51,35.61,16.93,8.41,6.54,93.46,3.4,372,4.01,3.92,4.09,3.5,3.68,67.8,2.96,92.71,13.39,0.43,0.04,-0.27,2,93,False,False,True,True,False
176,Shannon,Brown,chase19@example.net,Assistant Professor,2016-03-08,222C,130236,9,7,History,Gabrielle Davis,Davis Hall,2,65,10,2,57,4133,16,2.71,2.99,29.23,29.07,16.4,13.12,12.18,87.82,3.46,74,4.98,4.18,3.61,4.38,4.17,61.83,3.1,89.44,12.46,0.21,-0.2,0.25,8,80,True,False,False,True,False
177,Steven,Spencer,colelisa@example.net,Associate Professor,2009-10-22,321C,123464,16,6,English,Melissa Peterson,Moore Hall,3,79,12,3,94,1951,17,3.48,3.47,33.89,27.0,22.65,9.48,6.98,93.02,2.99,105,3.61,4.45,4.68,2.74,3.94,81.95,2.64,86.84,12.18,0.1,-0.23,0.29,18,39,False,False,True,False,True
178,Cassidy,Mason,hayeslisa@example.com,Adjunct,2025-09-09,878C,138222,0,9,Economics,Valerie Gray,Arnold Hall,3,65,12,3,93,2880,17,2.81,3.35,23.21,39.43,26.87,10.81,-0.32,100.32,2.95,115,4.51,3.1,3.38,2.11,3.58,81.82,2.96,89.25,6.3,-0.18,0.18,0.16,2,69,True,False,False,True,False
179,Christopher,Lucas,wrightsamuel@example.com,Professor,2016-07-10,952A,98829,9,10,Business Administration,Lisa Hensley,Ray Hall,1,33,4,1,20,4902,18,2.86,2.64,35.0,38.46,16.92,12.41,-2.79,102.79,3.3,215,3.16,4.52,3.96,3.51,3.46,67.03,3.4,90.5,13.04,-0.43,0.07,-0.02,8,12,False,False,True,False,True
180,Chelsea,Cox,paul59@example.org,Assistant Professor,2021-10-29,283B,61854,4,8,Psychology,Lindsey Roman,Blair Hall,0,0,0,0,103,2526,10,3.48,3.16,29.24,35.05,18.42,10.46,6.83,93.17,2.99,188,4.86,4.75,3.72,3.0,3.19,81.89,3.04,88.89,8.31,0.29,0.07,0.31,19,39,True,False,False,True,False
181,Deborah,Jones,grantpaul@example.com,Associate Professor,2020-07-07,380A,67146,5,18,Political Science,Daniel Hahn,Walter Hall,4,91,18,4,131,2768,27,3.2,2.82,32.31,38.16,15.41,7.65,6.47,93.53,2.68,176,4.86,3.2,3.2,4.15,4.49,93.84,2.92,93.61,14.38,-0.01,-0.13,-0.05,18,11,True,False,True,True,True
182,Diane,Escobar,mathewaguilar@example.org,Assistant Professor,2024-05-17,814A,143606,1,18,Political Science,Daniel Hahn,Walter Hall,2,57,9,2,88,3921,23,2.88,2.54,27.6,29.89,27.17,11.37,3.97,96.03,2.89,197,4.67,3.94,4.59,3.98,3.59,64.59,3.3,93.77,4.47,0.2,0.26,0.03,4,8,True,False,False,False,False
183,Kyle,Douglas,tanderson@example.org,Professor,2012-03-26,993A,135243,13,16,Philosophy,Margaret Hawkins DDS,Cameron Hall,4,81,17,4,121,3823,10,3.48,2.83,22.91,35.8,24.25,14.26,2.78,97.22,2.52,300,4.52,4.43,5.0,4.0,3.37,89.61,2.96,93.79,10.7,0.22,-0.27,0.12,4,64,True,False,False,False,True
184,Nicholas,Conner,elizabethcalderon@example.net,Lecturer,2025-12-26,590B,104657,0,10,Business Administration,Lisa Hensley,Ray Hall,2,71,7,2,70,1964,26,2.77,3.22,17.01,35.58,26.62,12.46,8.33,91.67,2.86,150,4.58,4.78,4.21,2.46,2.77,94.9,2.51,85.33,3.17,-0.35,-0.17,0.01,5,19,True,False,False,True,False
185,Rita,Davis,bromero@example.com,Professor,2012-03-21,358B,74953,13,6,English,Melissa Peterson,Moore Hall,0,0,0,0,34,1170,29,3.03,3.49,16.13,25.73,29.54,5.03,23.57,76.43,3.32,336,4.13,3.12,4.74,2.2,3.81,93.9,2.58,97.58,5.81,0.06,-0.13,-0.08,10,2,False,True,False,False,True
186,Stephanie,Peterson,ilee@example.org,Lecturer,2007-08-02,603A,135631,18,3,Physics,Allen Robinson,Wagner Hall,1,31,3,1,34,2644,9,2.96,3.19,34.47,37.89,16.5,10.64,0.5,99.5,3.04,139,3.65,4.48,4.86,3.8,4.09,88.12,3.46,96.86,8.19,0.05,0.19,-0.09,11,67,False,False,True,False,False
187,Megan,Garcia,stanleynancy@example.net,Associate Professor,2008-08-30,252C,99824,17,2,Mathematics,Megan Mcclain,Miller Hall,1,21,4,1,125,748,11,2.61,3.27,21.0,26.43,17.59,6.57,28.41,71.59,3.08,438,3.1,3.33,3.76,3.35,4.1,82.84,2.92,95.62,9.6,-0.25,0.11,0.05,10,32,False,True,False,False,True
188,Nicholas,Martin,jenniferwilliams@example.com,Associate Professor,2019-07-27,221C,160197,6,3,Physics,Allen Robinson,Wagner Hall,3,51,9,3,116,4261,20,3.03,3.09,31.3,34.29,17.32,5.09,12.0,88.0,3.37,255,4.77,3.43,4.0,2.14,2.93,65.15,2.54,91.21,10.02,-0.26,0.06,-0.38,5,40,True,False,True,False,True
189,John,Wallace,karen73@example.net,Adjunct,2010-10-29,710C,89581,15,14,Art,Timothy Wong,Lynch Hall,3,59,15,3,37,2894,30,3.1,3.26,32.84,37.71,21.44,7.83,0.18,99.82,3.18,141,3.93,4.05,4.22,3.08,4.31,61.23,3.22,93.24,12.6,0.32,0.28,0.12,13,9,False,False,True,False,False
190,Tammy,Mueller,michealvalentine@example.com,Lecturer,2015-04-11,561B,98974,10,17,Sociology,Crystal Johnson,Stewart Hall,3,50,12,3,148,3898,9,2.65,3.01,19.69,33.08,15.62,5.88,25.73,74.27,3.32,56,4.17,4.61,4.65,2.49,4.0,77.87,2.99,93.13,3.0,0.16,-0.13,-0.36,10,57,False,True,False,True,False
191,Juan,Reyes,mburch@example.net,Lecturer,2008-10-23,412C,141399,17,19,Communications,Matthew Foster,Rocha Hall,3,105,10,3,121,4293,7,2.54,2.54,29.7,26.06,19.13,6.73,18.38,81.62,3.49,224,4.14,3.31,3.28,2.3,3.45,81.68,2.98,90.95,6.13,-0.06,0.28,-0.29,7,96,False,True,False,False,False
192,John,Davidson,angela18@example.org,Adjunct,2011-09-29,857A,159973,14,2,Mathematics,Megan Mcclain,Miller Hall,5,107,18,5,139,4447,13,2.99,2.9,18.91,35.17,16.59,6.63,22.7,77.3,3.46,75,3.09,3.75,3.94,2.63,4.21,93.49,2.91,90.44,5.65,0.12,-0.1,0.08,6,69,False,True,False,True,False
193,Kathryn,Nelson,mariahdavis@example.org,Associate Professor,2022-05-18,370C,70641,3,7,History,Gabrielle Davis,Davis Hall,1,30,3,1,76,4507,28,3.36,3.47,25.94,25.62,18.77,9.74,19.93,80.07,2.9,275,3.02,4.08,4.47,4.15,3.33,65.24,3.15,85.03,4.48,0.17,0.14,0.25,18,7,False,True,False,False,True
194,Nicole,Arias,gbrown@example.com,Associate Professor,2010-10-04,277C,69838,15,6,English,Melissa Peterson,Moore Hall,1,27,4,1,30,974,17,3.03,2.98,18.86,28.91,19.04,13.15,20.04,79.96,3.03,92,4.42,3.21,3.55,3.93,3.49,67.1,3.26,96.36,5.13,-0.32,-0.11,0.46,8,69,False,True,False,False,True
195,Virginia,Brooks,florescory@example.net,Professor,2019-01-15,518B,150357,7,6,English,Melissa Peterson,Moore Hall,2,47,9,2,56,2184,29,3.2,2.54,21.63,35.58,29.08,8.12,5.59,94.41,3.04,140,3.5,4.09,4.64,2.85,3.43,64.47,2.57,89.0,9.06,0.37,-0.19,-0.24,18,45,False,False,False,True,True
196,Lacey,Taylor,samantha72@example.net,Lecturer,2015-06-04,398A,90340,10,20,Statistics,Derek Wright,Hoffman Hall,3,82,13,3,101,3811,26,3.03,3.5,23.68,31.35,27.39,8.83,8.75,91.25,3.15,172,4.28,3.85,4.97,2.06,3.17,60.56,2.64,88.04,10.17,0.14,-0.14,0.16,13,50,False,False,False,False,False
197,Christina,Bullock,scottmary@example.net,Assistant Professor,2024-11-05,819B,69329,1,10,Business Administration,Lisa Hensley,Ray Hall,1,19,5,1,129,3160,25,3.16,3.45,21.85,34.04,16.55,10.64,16.92,83.08,3.19,460,4.25,3.25,4.39,2.91,3.29,90.29,3.14,93.87,9.04,0.0,-0.06,0.44,10,11,False,True,False,False,False
198,Chelsea,Henderson,john10@example.org,Assistant Professor,2014-06-09,906C,137304,11,8,Psychology,Lindsey Roman,Blair Hall,3,50,11,3,93,718,14,2.93,3.02,21.53,25.99,25.78,9.92,16.78,83.22,2.77,58,4.65,4.81,3.16,3.2,2.91,68.62,2.64,97.44,5.02,0.4,0.02,-0.08,11,19,True,True,False,True,False
199,Laura,Bryant,copelandvincent@example.net,Lecturer,2006-05-16,217C,89466,19,7,History,Gabrielle Davis,Davis Hall,3,74,13,3,40,4540,5,2.95,3.1,19.59,26.01,21.93,13.93,18.54,81.46,2.51,390,4.57,4.64,4.41,3.26,2.97,89.79,2.92,87.21,12.59,-0.18,-0.02,0.28,19,61,True,True,False,True,False
200,Zachary,Allen,kellysmith@example.com,Assistant Professor,2010-11-08,946A,69359,15,5,Biology,Kevin Pacheco,Smith Hall,4,122,20,4,28,2931,7,3.12,3.01,30.99,30.03,15.93,13.4,9.65,90.35,3.47,193,3.83,4.53,4.88,3.67,3.38,72.38,2.97,94.29,4.66,0.12,0.18,-0.32,1,99,False,False,True,True,False
